Workbook
Name ACTION: #REF!
Name ACTION: #REF!

Sheet Cover
B2: TEST REPORT DOCUMENT
A4: Project Name | B4: Woodwork Design, Crafting & Repair Booking Platform | E4: Creator | F4: Group GSP48
A5: Project Code | B5: SP25SE026 | E5: Issue Date | F5: 45767
A6: Document Code | B6: =B5&"_"&"TestReport"&"_"&"vx.x" -> SP25SE026_TestReport_vx.x | E6: Version | F6: 1.0
A9: Record of change
A10: Effective Date | B10: Version | C10: Change Item | D10: *A,D,M | E10: Change description | F10: Reference
A11: 45767 | B11: 1 | D11: A | E11: Init document
A12: 45767 | B12: 1 | C12: Woodworker Registration sheet | D12: A | E12: Add test cases for Woodworker Registration
A13: 45771 | B13: 1 | C13: Guarantee Service Booking sheet | D13: A | E13: Add test cases for Guarantee Service Booking
A14: 45771 | B14: 1 | C14: Customization Service Booking sheet | D14: A | E14: Add test cases for Customization Service Booking
A15: 45772 | B15: 1 | C15: Guarantee Service Booking sheet | D15: U | E15: Test round 2 for Guarantee Service Booking
A16: 45774 | B16: 1 | C16: Customization Service Booking sheet | D16: U | E16: Test round 2 for Customization Service Booking

Sheet Test Cases
D1: TEST CASE LIST
B3: Project Name | D3: Woodwork Design, Crafting & Repair Booking Platform
B4: Project Code | D4: SP25SE026
B5: Test Environment Setup Description | D5: 1. Server 2. Database 3. Web Browser 4. Mobile app
B8: No | C8: Function Name | D8: Sheet Name | E8: Description | F8: Pre-Condition
B9: 1 | C9: Register function | D9: ='Woodworker Registration'!B2 -> Woodworker Registration
B10: 2 | C10: Customizaztion Service Booking | D10: ='Customizaztion Service Booking'!B2 -> Customizaztion Service Booking
B11: 3 | C11: Request guarantee order | D11: ='Guarantee Service Booking'!B2 -> Guarantee Service Booking
B12: 4 | C12: Accept guarantee order | D12: ='Guarantee Service Booking'!B2 -> Guarantee Service Booking
B13: 5 | C13: Create post | D13: ='Manage Post'!B2 -> Manage post
B14: 6 | C14: Update post | D14: ='Manage Post'!B2 -> Manage post
B15: 7 | C15: Login | D15: =Authentication!B2 -> Authentication
B16: 8 | C16: Register | D16: =Authentication!B2 -> Authentication

Sheet Test Statistics
B1: TEST STATISTICS
B3: Project Name | C3: Woodwork Design, Crafting & Repair Booking Platform | E3: Creator | H3: Group GSP48
B4: Project Code | C4: SP25SE026 | E4: Reviewer/Approver
B5: Document Code | C5: =C4&"_"&"TestReport"&"_"&"vx.x" -> SP25SE026_TestReport_vx.x | E5: Issue Date | H5: 45767
B6: Notes
B10: No | C10: Module code | D10: Passed | E10: Failed | F10: Pending | G10: N/A | H10: Number of test cases
B11: 1 | C11: ='Woodworker Registration'!B2 -> Woodworker Registration | D11: ='Woodworker Registration'!B6 -> 6 | E11: ='Woodworker Registration'!C6 -> 1 | F11: ='Woodworker Registration'!D6 -> 0 | G11: ='Woodworker Registration'!E6 -> 0 | H11: ='Woodworker Registration'!B4 -> 7
B12: 2 | C12: ='Customizaztion Service Booking'!B2 -> Customizaztion Service Booking | D12: ='Customizaztion Service Booking'!B6 -> 10 | E12: ='Customizaztion Service Booking'!C6 -> 0 | F12: ='Customizaztion Service Booking'!D6 -> 0 | G12: ='Customizaztion Service Booking'!E6 -> 0 | H12: ='Customizaztion Service Booking'!B4 -> 10
B13: 3 | C13: ='Guarantee Service Booking'!B2 -> Guarantee Service Booking | D13: ='Guarantee Service Booking'!B6 -> 5 | E13: ='Guarantee Service Booking'!C6 -> 2 | F13: ='Guarantee Service Booking'!D6 -> 0 | G13: ='Guarantee Service Booking'!E6 -> 0 | H13: ='Guarantee Service Booking'!B4 -> 7
B14: 4 | C14: Manage Post | D14: ='Manage Post'!B6 -> 7 | E14: ='Manage Post'!C6 -> 2 | F14: ='Manage Post'!D6 -> 1 | G14: ='Manage Post'!E6 -> 0 | H14: ='Manage Post'!B4 -> 10
B15: 5 | C15: Authentication | D15: =Authentication!B6 -> 9 | E15: =Authentication!C6 -> 1 | F15: =Authentication!D6 -> 0 | G15: =Authentication!E6 -> 0 | H15: =Authentication!B4 -> 10
C16: Sub total | D16: =SUM(D9:D15) -> 37 | E16: =SUM(E9:E15) -> 6 | F16: =SUM(F9:F15) -> 1 | G16: =SUM(G9:G15) -> 0 | H16: =SUM(H9:H15) -> 44
C18: Test coverage | E18: =(D16+E16)*100/(H16-G16) -> 97.727273 | F18: %
C19: Test successful coverage | E19: =D16*100/(H16-G16) -> 84.090909 | F19: %

Sheet Woodworker Registration
A2: Feature | B2: Woodworker Registration | R2: Passed
A3: Test requirement | B3: Guest register to become a woodworker to access to the platform | R3: Failed
A4: Number of TCs | B4: =COUNTA(A12:A997) -> 7 | R4: Pending
A5: Testing Round | B5: Passed | C5: Failed | D5: Pending | E5: N/A | R5: N/A
A6: Round 1 | B6: =COUNTIF($F10:$F995,B5) -> 6 | C6: =COUNTIF($F10:$F995,C5) -> 1 | D6: =COUNTIF($F10:$F995,D5) -> 0 | E6: =COUNTIF($F10:$F995,E5) -> 0
A7: Round 2 | B7: =COUNTIF($I10:$I995,B5) -> 6 | C7: =COUNTIF($I10:$I995,C5) -> 1 | D7: =COUNTIF($I10:$I995,D5) -> 0 | E7: =COUNTIF($I10:$I995,E5) -> 0
A8: Round 3 | B8: =COUNTIF($L10:$L995,B5) -> 7 | C8: =COUNTIF($L10:$L995,C5) -> 0 | D8: =COUNTIF($L10:$L995,D5) -> 0 | E8: =COUNTIF($L10:$L995,E5) -> 0
A10: Test Case ID | B10: Test Case Description | C10: Test Case Procedure | D10: Expected Results | E10: Pre-conditions | F10: Round 1 | G10: Test date | H10: Tester | I10: Round 2 | J10: Test date | K10: Tester | L10: Round 3 | M10: Test date | N10: Tester | O10: Note
A11: Register function
A12: TC-01 | B12: Verify the registration form loads correctly | C12: 1. Navigate to the woodworker registration page 2. Verify all input fields and buttons are visible | D12: All required fields, dropdowns, image upload area, and "Register" button should be displayed | E12: User is not logged in | F12: Passed | G12: 45767 | H12: An | I12: Passed | J12: 45767 | K12: An | L12: Passed | M12: 45770 | N12: An
A13: TC-02 | B13: Submit the form with all fields empty | C13: 1. Open the registration form 2. Click the "Register" button without entering any data | D13: Validation errors should appear under all required fields | E13: None | F13: Passed | G13: 45767 | H13: An | I13: Passed | J13: 45767 | K13: An | L13: Passed | M13: 45770 | N13: An
A14: TC-03 | B14: Submit form with an invalid email | C14: 1. Fill in all fields with valid data except email 2. Enter "abc@com" as email 3. Click "Register" | D14: Email field should show a validation error for incorrect format | E14: None | F14: Failed | G14: 45767 | H14: An | I14: Failed | J14: 45767 | K14: An | L14: Passed | M14: 45770 | N14: An
A15: TC-04 | B15: Submit the form with a required field missing | C15: 1. Fill all fields except "Woodshop Name" 2. Click "Register" | D15: Validation error should appear under the "Woodshop Name" field | E15: None | F15: Passed | G15: 45767 | H15: An | I15: Passed | J15: 45767 | K15: An | L15: Passed | M15: 45770 | N15: An
A16: TC-05 | B16: Upload an image in an invalid format | C16: 1. Fill in the form 2. Upload a .exe file as shop image | D16: Error should appear prompting valid formats (JPG, JPEG, PNG, GIF only) | E16: None | F16: Passed | G16: 45767 | H16: An | I16: Passed | J16: 45767 | K16: An | L16: Passed | M16: 45770 | N16: An
A17: TC-06 | B17: Upload an image exceeding the size limit | C17: 1. Upload an image larger than 5MB | D17: Error message should be shown stating file size limit | E17: None | F17: Passed | G17: 45767 | H17: An | I17: Passed | J17: 45767 | K17: An | L17: Passed | M17: 45770 | N17: An
A18: TC-07 | B18: Successfully submit the form | C18: 1. Fill in all required fields with valid data 2. Tick the confirmation checkbox 3. Upload a valid image 4. Click "Register" | D18: Registration should be successful. A success message or redirect should occur | E18: None | F18: Passed | G18: 45767 | H18: An | I18: Passed | J18: 45767 | K18: An | L18: Passed | M18: 45770 | N18: An

Sheet Customizaztion Service Booking
A2: Feature | B2: Customizaztion Service Booking | O2: Passed
A3: Test requirement | B3: Validate all error handling and form validation for customization booking: invalid dates, empty fields, wrong formats, and invalid uploads | O3: Failed
A4: Number of TCs | B4: =COUNTA(A10:A997) -> 10 | O4: Pending
A5: Testing Round | B5: Passed | C5: Failed | D5: Pending | E5: N/A | O5: N/A
A6: Round 1 | B6: =COUNTIF($F9:$F995,B5) -> 10 | C6: =COUNTIF($F9:$F995,C5) -> 0 | D6: =COUNTIF($F9:$F995,D5) -> 0 | E6: =COUNTIF($F9:$F995,E5) -> 0
A7: Round 2 | B7: =COUNTIF($I9:$I995,B5) -> 10 | C7: =COUNTIF($I9:$I995,C5) -> 0 | D7: =COUNTIF($I9:$I995,D5) -> 0 | E7: =COUNTIF($I9:$I995,E5) -> 0
A9: Test Case ID | B9: Test Case Description | C9: Test Case Procedure | D9: Expected Results | E9: Pre-conditions | F9: Round 1 | G9: Test date | H9: Tester | I9: Round 2 | J9: Test date | K9: Tester | L9: Note
A10: TC-01 | B10: Enter past date in consultation appointment form | C10: 1. Click 'Cập nhật lịch hẹn tư vấn về hợp đồng' 2. Enter a past date 3. Click 'Cập nhật' | D10: System displays error message: 'Ngày hẹn không được ở quá khứ' | E10: Order is placed | F10: Passed | G10: 45771 | H10: Phúc | I10: Passed | J10: 45774 | K10: Phúc | L10: Form validation on date field
A11: TC-02 | B11: Submit contract without signing | C11: 1. Click 'Soạn hợp đồng' 2. Fill in required fields 3. Do not sign 4. Click 'Cập nhật' | D11: System prompts: 'Vui lòng ký vào hợp đồng' | E11: Appointment confirmed | F11: Passed | G11: 45771 | H11: Phúc | I11: Passed | J11: 45774 | K11: Phúc | L11: Signature is required
A12: TC-03 | B12: Enter invalid phone number in order form | C12: 1. Proceed to checkout 2. Enter 'abc123' in phone field 3. Click 'Tiến hành đặt hàng' | D12: System shows validation error for phone number | E12: Product is in cart | F12: Passed | G12: 45771 | H12: Phúc | I12: Passed | J12: 45774 | K12: Phúc | L12: Field format validation
A13: TC-04 | B13: Set product quantity to negative number in cart | C13: 1. Open cart 2. Change quantity to -1 3. Try to proceed to checkout | D13: System resets quantity to 1 or shows error message | E13: Cart has at least one item | F13: Passed | G13: 45771 | H13: Phúc | I13: Passed | J13: 45774 | K13: Phúc | L13: Quantity input validation
A14: TC-05 | B14: Leave all required fields blank in order form | C14: 1. Proceed to checkout 2. Leave name, address, phone empty 3. Click 'Tiến hành đặt hàng' | D14: System shows required field validation messages | E14: User is logged in and product is in cart | F14: Passed | G14: 45771 | H14: Phúc | I14: Passed | J14: 45774 | K14: Phúc | L14: Required field validation
A15: TC-06 | B15: Upload invalid file format for product image | C15: 1. Click 'Cập nhật ảnh hoàn thiện và giao hàng' 2. Upload a .exe file 3. Click 'Cập nhật' | D15: System shows error: 'Chỉ cho phép định dạng ảnh (.jpg, .png)' | E15: Order is confirmed and ready for delivery update | F15: Passed | G15: 45771 | H15: Phúc | I15: Passed | J15: 45774 | K15: Phúc | L15: File type validation
A16: TC-07 | B16: Try to checkout with empty cart | C16: 1. Navigate to cart page 2. Click 'Tiến hành đặt hàng' | D16: System blocks checkout and shows message: 'Giỏ hàng trống' | E16: No items in the cart | F16: Passed | G16: 45771 | H16: Phúc | I16: Passed | J16: 45774 | K16: Phúc | L16: Cart validation
A17: TC-08 | B17: Enter special characters in name field | C17: 1. Go to checkout form 2. Enter '!@#$%' in name field 3. Click 'Tiến hành đặt hàng' | D17: System displays validation error: 'Tên không hợp lệ' | E17: User is logged in and has item in cart | F17: Passed | G17: 45771 | H17: Phúc | I17: Passed | J17: 45774 | K17: Phúc | L17: Input sanitization
A18: TC-09 | B18: Try to sign contract but leave signature box empty | C18: 1. Open contract form 2. Fill other fields 3. Leave signature box empty 4. Click 'Xác nhận hợp đồng' | D18: System prompts user to sign the contract | E18: Contract available for confirmation | F18: Passed | G18: 45771 | H18: Phúc | I18: Passed | J18: 45774 | K18: Phúc | L18: Signature enforcement
A19: TC-10 | B19: Upload image larger than allowed file size | C19: 1. Click 'Cập nhật ảnh hoàn thiện và giao hàng' 2. Upload image > 10MB 3. Click 'Cập nhật' | D19: System shows error: 'Dung lượng ảnh vượt quá giới hạn (10MB)' | E19: Woodworker is ready to upload finished product image | F19: Passed | G19: 45771 | H19: Phúc | I19: Passed | J19: 45774 | K19: Phúc | L19: File size validation

Sheet Guarantee Service Booking
A2: Feature | B2: Guarantee Service Booking | O2: Passed
A3: Test requirement | B3: End-to-end testing of the guarantee service booking flow: from when the customer submits a warranty request, schedules a consultation appointment | O3: Failed
A4: Number of TCs | B4: 7 | O4: Pending
A5: Testing Round | B5: Passed | C5: Failed | D5: Pending | E5: N/A | O5: N/A
A6: Round 1 | B6: =COUNTIF($F9:$F997,B5) -> 5 | C6: =COUNTIF($F9:$F997,C5) -> 2 | D6: =COUNTIF($F9:$F997,D5) -> 0 | E6: =COUNTIF($F9:$F997,E5) -> 0
A7: Round 2 | B7: =COUNTIF($I9:$I997,B5) -> 7 | C7: =COUNTIF($I9:$I997,C5) -> 0 | D7: =COUNTIF($I9:$I997,D5) -> 0 | E7: =COUNTIF($I9:$I997,E5) -> 0
A9: Test Case ID | B9: Test Case Description | C9: Test Case Procedure | D9: Expected Results | E9: Pre-conditions | F9: Round 1 | G9: Test date | H9: Tester | I9: Round 2 | J9: Test date | K9: Tester | L9: Note
A10: Request order
A11: RGO-01 | B11: Submit a valid guarantee request (no installation) | C11: 1. Login as Customer 2. Go to Guarantee page 3. Select a completed order from the “Choose order” dropdown 4. Click Choose product, pick a product still under warranty 5. Verify address auto-fills correctly 6. Leave “Delivery & installation” unchecked 7. Enter notes: “Handle with care” 8. Click Submit guarantee request | D11: • Success message “Your request was submitted” appears • New guarantee order record created with correct shipping fee & address • Order status moves to Awaiting workshop confirmation | E11: • Customer account exists • At least one completed order with a product under warranty | F11: Passed | G11: 45771 | H11: Luân | I11: Passed | J11: 45772 | K11: Luân
A12: RGO-02 | B12: Submit a valid guarantee request (with installation) | C12: 1–5 same as RGO-01 6. Check “Delivery & installation” 7. Verify installation fee added to total 8. Enter notes “Include installation” 9. Click Submit guarantee request | D12: • Success message appears • Guarantee record shows both shipping + installation fees correctly • Status = Awaiting workshop confirmation | E12: • Customer has a completed order • Installation option available | F12: Failed | G12: 45771 | H12: Luân | I12: Passed | J12: 45772 | K12: Luân | L12: The isInstall field hasn’t been updated in the database at the first round
A13: RGO-03 | B13: Attempt to submit without selecting an order | C13: 1. Login as Customer 2. Go to Guarantee page 3. Leave “Choose order” at default 4. Try to click Submit guarantee request | D13: • Submit button remains disabled or an inline error “Please select an order” is shown | E13: • Customer is logged in | F13: Passed | G13: 45771 | H13: Luân | I13: Passed | J13: 45772 | K13: Luân
A14: RGO-04 | B14: Attempt to request guarantee for an out-of-warranty product | C14: 1. Login as Customer 2. Go to Guarantee page 3. Select a completed order with a product whose warranty expired 4. Click Choose product, pick a product has end warranty | D14: The form change to "Repair" and the button text change to "Yêu cầu sửa chữa" | E14: • Customer has at least one completed order with an expired-warranty product | F14: Failed | G14: 45771 | H14: Luân | I14: Passed | J14: 45772 | K14: Luân
A15: RGO-05 | B15: Submit a guarantee request without notes | C15: 1–6 same as RGO-01 7. Clear the notes field 8. Click Submit guarantee request | D15: • Success message appears • Notes field in the new record is blank • Status = Awaiting workshop confirmation | E15: • Customer has valid completed order | F15: Passed | G15: 45771 | H15: Luân | I15: Passed | J15: 45772 | K15: Luân
A16: Accept guarantee order
A17: AGO-01 | B17: Accept a free-warranty guarantee request | C17: 1. Login as Woodworker 2. Go to BH & Sửa chữa > open guarantee order details 3. Click Accept free warranty 4. In confirmation modal, check “Tôi xác nhận...” 5. Click Confirm | D17: • Success toast “Warranty accepted” • Order status changes to Awaiting customer pickup (or equivalent) | E17: • There is a pending guarantee order • Status = Awaiting workshop confirmation | F17: Passed | G17: 45771 | H17: Luân | I17: Passed | J17: 45772 | K17: Luân
A18: AGO-02 | B18: Attempt to accept without ticking the confirmation checkbox | C18: 1–3 same as AGO-01 4. Leave the “Tôi xác nhận…” checkbox unchecked 5. Try to click Confirm | D18: • Confirm button remains disabled or inline error “Please verify information” | E18: • There is at least one pending guarantee order awaiting acceptance | F18: Passed | G18: 45771 | H18: Luân | I18: Passed | J18: 45772 | K18: Luân

Sheet Manage Post
A2: Feature | B2: Manage post | O2: Passed
A3: Test requirement | B3: End-to-end testing of the manage post feature | O3: Failed
A4: Number of TCs | B4: 10 | O4: Pending
A5: Testing Round | B5: Passed | C5: Failed | D5: Pending | E5: N/A | O5: N/A
A6: Round 1 | B6: =COUNTIF($F9:$F997,B5) -> 7 | C6: =COUNTIF($F9:$F997,C5) -> 2 | D6: =COUNTIF($F9:$F997,D5) -> 1 | E6: =COUNTIF($F9:$F997,E5) -> 0
A7: Round 2 | B7: =COUNTIF($I9:$I997,B5) -> 10 | C7: =COUNTIF($I9:$I997,C5) -> 0 | D7: =COUNTIF($I9:$I997,D5) -> 0 | E7: =COUNTIF($I9:$I997,E5) -> 0
A9: Test Case ID | B9: Test Case Description | C9: Test Case Procedure | D9: Expected Results | E9: Pre-conditions | F9: Round 1 | G9: Test date | H9: Tester | I9: Round 2 | J9: Test date | K9: Tester | L9: Note
A10: CreatePost
A11: CP-01 | B11: Create a post with all valid inputs | C11: 1. Login as Woodworker 2. Go to Manage Posts 3. Click + Add New Post 4. Enter Title = “My Sample Post” 5. Enter Description = “This is a test description.” 6. Upload 3 valid images (JPG, <5 MB each) 7. Check “I have verified…” 8. Click Save | D11: • Success toast “Post created” • Modal closes • New row appears in posts list with correct Title/Date | E11: • Woodworker is logged in • At least one workspace available | F11: Passed | G11: 45771 | H11: Nam | I11: Passed | J11: 45772 | K11: Nam
A12: CP-02 | B12: Attempt to create without Title | C12: 1–3 same as CP-01 4. Leave Title empty 5. Fill Description and upload one image 6. Check confirm and click Save | D12: • Inline validation under Title: “Please fill out this field.” • Modal remains open • No new post created | E12: • In CreatePost modal | F12: Failed | G12: 45771 | H12: Nam | I12: Passed | J12: 45772 | K12: Nam | L12: The isInstall field hasn’t been updated in the database at the first round
A13: CP-03 | B13: Attempt to upload unsupported file type | C13: 1–5 same as CP-01 6. Try to upload a .txt file 7. Check confirm and click Save | D13: • Validation message “Unsupported file type” shown • .txt file not accepted • Can still upload valid image • Cannot submit until image field valid | E13: • CreatePost modal open | F13: Passed | G13: 45771 | H13: Nam | I13: Passed | J13: 45772 | K13: Nam
A14: CP-04 | B14: Attempt to upload more than 4 images | C14: 1–5 same as CP-01 6. Select 5 images (all valid types) 7. Check confirm and click Save | D14: • Inline error “You can upload up to 4 images” • Only first 4 images accepted • Cannot save until count ≤ 4 | E14: • CreatePost modal open | F14: Failed | G14: 45771 | H14: Nam | I14: Passed | J14: 45772 | K14: Nam
A15: CP-05 | B15: Cancel CreatePost action | C15: 1–5 same as CP-01 6. Click Close (X) or Cancel instead of Save | D15: • Modal closes • No new row added • No draft saved | E15: • CreatePost modal open | F15: Passed | G15: 45771 | H15: Nam | I15: Passed | J15: 45772 | K15: Nam
A16: UpdatePost
A17: UP-01 | B17: Update Title and Description successfully | C17: 1. Login as Woodworker 2. Go to Manage Posts 3. Click ✏️ on existing post 4. Change Title to “Updated Title” 5. Change Description 6. Check confirm box 7. Click Save | D17: • Success toast “Post updated” • Modal closes • List shows updated Title and truncated Description | E17: • At least one post exists in list | F17: Passed | G17: 45771 | H17: Nam | I17: Passed | J17: 45772 | K17: Nam
A18: UP-02 | B18: Replace existing image | C18: 1–3 same as UP-01 4. In modal, remove one image 5. Upload a different valid image 6. Check confirm and Save | D18: • Old image removed, new image shown in edit form • After save, list thumbnail reflects new image | E18: • Original post has ≥ 1 image | F18: Passed | G18: 45771 | H18: Nam | I18: Passed | J18: 45772 | K18: Nam
A19: UP-03 | B19: Attempt to remove all images (invalid) | C19: 1–3 same as UP-01 4. Remove all uploaded images 5. Check confirm and Save | D19: • Inline error “At least one image is required” • Save button disabled • Modal remains open | E19: • Post with exactly 1 image | F19: Passed | G19: 45771 | H19: Nam | I19: Passed | J19: 45772 | K19: Nam
A20: UP-04 | B20: Attempt to update without checking confirmation checkbox | C20: 1–6 same as UP-01 7. Leave “I have verified…” unchecked 8. Click Save | D20: • Save button remains disabled or inline error “Please confirm information” | E20: • In UpdatePost modal | F20: Passed | G20: 45771 | H20: Nam | I20: Passed | J20: 45772 | K20: Nam
A21: UP-05 | B21: Cancel UpdatePost action | C21: 1–3 same as UP-01 4. Click Close (X) instead of Save | D21: • Modal closes • No changes applied | E21: • In UpdatePost modal | F21: Pending | G21: 45771 | H21: Nam | I21: Passed | J21: 45772 | K21: Nam

Sheet Authentication
A2: Feature | B2: Authentication | O2: Passed
A3: Test requirement | B3: End-to-end testing of the authentication feature | O3: Failed
A4: Number of TCs | B4: 10 | O4: Pending
A5: Testing Round | B5: Passed | C5: Failed | D5: Pending | E5: N/A | O5: N/A
A6: Round 1 | B6: =COUNTIF($F9:$F997,B5) -> 9 | C6: =COUNTIF($F9:$F997,C5) -> 1 | D6: =COUNTIF($F9:$F997,D5) -> 0 | E6: =COUNTIF($F9:$F997,E5) -> 0
A7: Round 2 | B7: =COUNTIF($I9:$I997,B5) -> 10 | C7: =COUNTIF($I9:$I997,C5) -> 0 | D7: =COUNTIF($I9:$I997,D5) -> 0 | E7: =COUNTIF($I9:$I997,E5) -> 0
A9: Test Case ID | B9: Test Case Description | C9: Test Case Procedure | D9: Expected Results | E9: Pre-conditions | F9: Round 1 | G9: Test date | H9: Tester | I9: Round 2 | J9: Test date | K9: Tester | L9: Note
A10: Login
A11: LOG-01 | B11: Successful login with correct email & password | C11: 1. Go to Login page 2. Enter Email / Phone = “jane@example.com” 3. Enter Password = “P@ssw0rd123” 4. Click Login | D11: • Redirect to user dashboard • JWT token set in cookie/localStorage • User’s avatar appears in header | E11: • User “jane@example.com” exists with that password | F11: Passed | G11: 45771 | H11: Nam | I11: Passed | J11: 45772 | K11: Nam
A12: LOG-02 | B12: Fail login with wrong password | C12: 1–3 same as LOG-01 3. Enter Password = “Wrong123” 4. Click Login | D12: • Error toast “Invalid credentials” • Login form remains • No token stored | E12: • User “jane@example.com” exists | F12: Failed | G12: 45771 | H12: Nam | I12: Passed | J12: 45772 | K12: Nam | L12: The isInstall field hasn’t been updated in the database at the first round
A13: LOG-03 | B13: Fail login with empty fields | C13: 1. Go to Login page 2. Leave both fields empty 3. Click Login | D13: • Inline errors “This field is required” for both inputs • Login button disabled | F13: Passed | G13: 45771 | H13: Nam | I13: Passed | J13: 45772 | K13: Nam
A14: LOG-04 | B14: Successful login via Email OTP | C14: 1. Go to Login page 2. Switch to Email OTP method 3. Enter Email = “jane@example.com” 4. Click Send OTP 5. Receive OTP in email 6. Enter OTP into field 7. Click Login | D14: • Redirect to dashboard • Toast “Login successful” • OTP session invalidated after use | E14: • User “jane@example.com” exists • Email service reachable | F14: Passed | G14: 45771 | H14: Nam | I14: Passed | J14: 45772 | K14: Nam
A15: LOG-05 | B15: Fail OTP login with incorrect or expired code | C15: 1–4 same as LOG-04 5. Enter OTP = “000000” or a past-expiry code 6. Click Login | D15: • Inline error under OTP: “Invalid or expired code” • Login form remains • Must request new OTP | E15: • OTP login initiated | F15: Passed | G15: 45771 | H15: Nam | I15: Passed | J15: 45772 | K15: Nam
A16: Register
A17: REG-01 | B17: Successful signup with valid data | C17: 1. Go to Register page 2. Enter Name = “Jane Wood” 3. Enter Email = “jane@example.com” 4. Enter Password = “P@ssw0rd123” 5. Enter Confirm password = “P@ssw0rd123” 6. Enter Phone = “+84901234567” 7. Click Register | D17: • Redirect to “Verify Account” or Login page • Toast “Registration successful – check your email” • New user record created in DB with role=Customer | F17: Passed | G17: 45771 | H17: Nam | I17: Passed | J17: 45772 | K17: Nam
A18: REG-02 | B18: Fail signup when passwords don’t match | C18: 1–4 same as REG-01 5. Enter Confirm password = “WrongPass” 6. Fill remaining fields 7. Click Register | D18: • Inline error under Confirm password: “Passwords must match” • Register button disabled • No user created | F18: Passed | G18: 45771 | H18: Nam | I18: Passed | J18: 45772 | K18: Nam
A19: REG-03 | B19: Fail signup with empty required fields | C19: 1. Go to Register page 2. Leave Name, Email, Password, Confirm password, Phone empty 3. Click Register | D19: • Inline validation on each field: “This field is required” • No navigation • No API call | F19: Passed | G19: 45771 | H19: Nam | I19: Passed | J19: 45772 | K19: Nam
A20: REG-04 | B20: Fail signup with invalid email format | C20: 1–2 same as REG-01 3. Enter Email = “jane#mail” 4. Fill other fields with valid values 5. Click Register | D20: • Inline error on Email: “Enter a valid email address” • Register button disabled • No user record | F20: Passed | G20: 45771 | H20: Nam | I20: Passed | J20: 45772 | K20: Nam
A21: REG-05 | B21: Fail signup with phone not matching +84 regex | C21: 1–2 same as REG-01 6. Enter Phone = “091234” (too short) 7. Fill other fields correctly 8. Click Register | D21: • Inline error on Phone: “Enter a valid +84 phone number” • Register button disabled • No user record | F21: Passed | G21: 45771 | H21: Nam | I21: Passed | J21: 45772 | K21: Nam
